{
    "QuizTimer": {
        "x": 427,
        "y": 194.30914306640625,
        "scale": 1.2000000000000002,
        "color": "&d"
    },
    "PetRuleNoti": {
        "x": 427,
        "y": 117.33082580566406,
        "scale": 2.499999999999999,
        "color": "&d"
    },
    "TermNoti": {
        "x": 427,
        "y": 157.64942932128906,
        "scale": 2.4499999999999993,
        "color": "&a"
    },
    "CurrentPetGui": {
        "x": 10.007820129394531,
        "y": 72.66473388671875,
        "scale": 1.4000000000000004,
        "color": "&f"
    },
    "MelodyTitle": {
        "x": 427,
        "y": 66.00492858886719,
        "scale": 2.799999999999998,
        "color": "&f"
    },
    "StormTimer": {
        "x": 303.9039611816406,
        "y": 204.6666259765625,
        "scale": 1.9500000000000008,
        "color": "&d"
    },
    "P3Timer": {
        "x": 304.23753356933594,
        "y": 204.66668701171875,
        "scale": 2.0500000000000007,
        "color": "&d"
    },
    "DupeClass": {
        "x": 427,
        "y": 90.33332824707031,
        "scale": 3.349999999999996,
        "color": "&c"
    }
}