{
    "QuizTimer": {
        "x": 427,
        "y": 196.30914306640625,
        "scale": 1.3000000000000003,
        "color": "&d"
    },
    "PetRuleNoti": {
        "x": 426.6664123535156,
        "y": 117.33085632324219,
        "scale": 2.499999999999999,
        "color": "&d"
    },
    "TermNoti": {
        "x": 427,
        "y": 169.8716684977214,
        "scale": 2.4499999999999993,
        "color": "&a"
    },
    "CurrentPetGui": {
        "x": 10.007820129394531,
        "y": 72.66473388671875,
        "scale": 1.4000000000000004,
        "color": "&f"
    },
    "MelodyTitle": {
        "x": 427.66717529296875,
        "y": 66.00492858886719,
        "scale": 2.799999999999998,
        "color": "&f"
    },
    "StormTimer": {
        "x": 262.2048034667969,
        "y": 188.33335876464844,
        "scale": 2.000000000000001,
        "color": "&d"
    },
    "P3Timer": {
        "x": 261.5375518798828,
        "y": 188,
        "scale": 2.0500000000000007,
        "color": "&f"
    },
    "DupeClass": {
        "x": 427,
        "y": 91.66667175292969,
        "scale": 3.349999999999996,
        "color": "&c"
    },
    "pyLBTimer": {
        "x": 263.5390625,
        "y": 164.09066772460938,
        "scale": 1.6000000000000005,
        "color": "&a"
    },
    "StormDeathTime": {
        "x": 427,
        "y": 141.3874969482422,
        "scale": 1.8000000000000007,
        "color": "&d"
    },
    "DeathTickTimer": {
        "x": 261.20384216308594,
        "y": 188.50784301757812,
        "scale": 1.8000000000000007,
        "color": "&f"
    },
    "BonzoDP": {
        "x": 427,
        "y": 290.0000305175781,
        "scale": 1.8500000000000008,
        "color": "&a"
    }
}